CodDepartamento,Ano,Trimestre,PorcentajeDesempleo,Temperatura,Precipitacion,PIB,retail_and_recreation,grocery_and_pharmacy,parks,transit_stations,workplaces,residential,PorcentajeVacunacion,Vulnerabilidad_numero,Incidencia
5,2020,1,12.9,24.14965079365079,7.957837037037038,46018.0,-12.489605734767025,-8.493906810035842,-11.39283154121864,-9.280286738351254,-5.809318996415771,4.227240143369174,0.0,2.0,2.44728083415962e-05
5,2020,2,25.2,22.286967973856207,5.1733387179487185,46018.0,-67.03763440860216,-44.89605734767025,-55.34946236559139,-62.88602150537635,-50.24301075268818,25.5247311827957,0.0,2.0,0.000824575752025717
5,2020,3,20.0,22.73909365079365,7.672981990231991,46018.0,-50.04086021505376,-28.91362007168459,-39.59462365591398,-51.55555555555554,-34.83942652329748,17.956272401433694,0.0,2.0,0.02651984034255616
5,2020,4,15.2,23.15736988936989,8.176093650793648,46018.0,-28.945878136200715,-3.5799283154121877,-27.37096774193548,-28.56774193548387,-19.315053763440858,10.191756272401435,0.0,2.0,0.03307223741466095
5,2021,1,17.9,22.285122807017547,6.2764470899470926,52347.0,-32.214669738863286,-0.6705069124423962,-31.100230414746548,-34.711981566820285,-20.892857142857142,9.510368663594472,0.66,2.0,0.02473709982045841
5,2021,2,16.1,21.641044949494948,6.9181245421245405,52347.0,-30.247670250896057,5.816487455197133,-24.741577060931895,-27.446594982078853,-19.949462365591398,11.968817204301073,19.35,2.0,0.05491563099929272
5,2021,3,15.1,22.108254131054128,5.659601932367147,52347.0,-2.841935483870968,31.68709677419355,-1.0487455197132616,2.5189964157706086,-0.17168458781361995,5.467025089605736,43.25,2.0,0.019432462051437498
5,2021,4,13.0,21.652813390313387,7.864118083670714,52347.0,9.59641577060932,47.323297491039426,8.020071684587814,14.250179211469536,4.4057347670250895,3.190681003584229,62.16,2.0,0.014488073308928113
8,2020,1,9.1,34.54973515151516,0.0,16933.0,-9.553405017921149,-4.5992831541218635,-6.855913978494624,-3.783512544802868,-7.874551971326164,3.3913978494623653,0.0,2.0,2.432803609966647e-05
8,2020,2,15.9,35.43798518518519,3.5181228433402345,16933.0,-74.50860215053763,-53.69534050179211,-69.69713261648745,-73.68888888888887,-58.96129032258065,26.17849462365591,0.0,2.0,0.010537963507945851
8,2020,3,12.3,31.819404040404038,5.346643458393459,16933.0,-55.7763440860215,-31.808602150537638,-48.942652329749095,-55.42007168458781,-40.236200716845886,19.603225806451615,0.0,2.0,0.01907396507749657
8,2020,4,12.3,29.72776816239316,10.295692929292928,16933.0,-31.97741935483871,2.617562724014337,-26.673835125448036,-24.155197132616486,-19.844086021505376,11.680286738351256,0.0,2.0,0.01598744359427114
8,2021,1,11.6,33.771901035196684,1.0192698412698409,19024.0,-33.06067588325653,4.9293394777265735,-28.714669738863286,-25.33678955453149,-18.550691244239637,10.384024577572964,0.84,2.0,0.03210591157690878
8,2021,2,11.2,32.818194612794606,3.26549007936508,19024.0,-32.925806451612914,-2.4878136200716856,-28.649820788530466,-24.860215053763444,-21.183512544802863,14.25448028673835,15.63,2.0,0.0664244820296635
8,2021,3,10.2,30.70762777777779,3.401172871572872,19024.0,-1.9888888888888892,22.133333333333336,-1.0788530465949822,-3.3842293906810035,2.2516129032258068,7.3508960573476685,35.23,2.0,0.013446335698128569
8,2021,4,8.7,30.61817936507937,7.206285353535353,19024.0,15.825448028673835,38.2831541218638,12.172043010752688,16.636559139784946,10.467025089605734,4.625089605734766,57.5,2.0,0.013400078021281616
11,2020,1,11.8,22.7237825311943,4.945249321266969,214485.0,-11.907526881720429,-4.941218637992831,-9.636559139784945,-7.428673835125448,-4.171326164874553,4.912544802867384,0.0,2.0,4.9457932025689724e-05
11,2020,2,23.6,17.397859307359308,5.342135277777778,214485.0,-67.08602150537635,-39.26989247311828,-54.25089605734767,-64.75806451612904,-55.16917562724014,31.31792114695341,0.0,2.0,0.0038511329159324923
11,2020,3,22.0,17.546153216374268,6.109084529505582,214485.0,-50.94050179211471,-23.20716845878136,-37.43870967741936,-50.38745519713262,-38.372759856630815,22.93010752688172,0.0,2.0,0.03125896263601738
11,2020,4,16.3,19.471980303030303,4.959515901875903,214485.0,-35.38853046594982,-3.6695340501792115,-27.717921146953405,-18.103225806451615,-24.558064516129036,13.529749103942654,0.0,2.0,0.027673327130645773
11,2021,1,20.1,19.989400000000003,3.9902865769496207,237244.0,-41.88709677419353,-7.943548387096776,-34.83870967741935,-21.908602150537632,-28.001920122887867,14.942396313364055,0.97,2.0,0.026329027706455583
11,2021,2,18.1,16.620688627162313,6.277957692307693,237244.0,-31.98853046594982,4.788888888888889,-22.844086021505376,-13.121146953405015,-23.209318996415767,16.093189964157705,16.96,2.0,0.0758049962427403
11,2021,3,14.4,16.012739804639804,5.815893648763852,237244.0,-10.067025089605737,22.9168458781362,-2.776702508960573,15.17885304659498,-6.203584229390682,9.311827956989248,41.62,2.0,0.020906243127061245
11,2021,4,11.3,19.06533626177745,5.417185185185184,237244.0,4.4103942652329735,36.28781362007168,6.50967741935484,33.055197132616485,0.24767025089605746,5.511469534050178,63.44,2.0,0.004864078082583637
13,2020,1,9.9,33.089806008806015,0.129,13501.0,-15.412186379928315,-11.268817204301074,-19.773476702508958,-14.632258064516128,-4.816487455197133,3.5232974910394264,0.0,1.0,3.888266766206296e-05
13,2020,2,19.4,31.12256182336182,2.5479102564102565,13501.0,-78.72186379928316,-61.752329749103936,-82.53584229390681,-85.83691756272401,-60.697491039426524,25.647670250896052,0.0,1.0,0.008118701007838746
13,2020,3,18.1,26.79293772893773,5.261465949820789,13501.0,-65.4663082437276,-41.21039426523297,-70.9709677419355,-78.04229390681003,-41.77240143369176,19.12974910394265,0.0,1.0,0.01478610644519099
13,2020,4,12.1,26.854935960281548,7.131762820512821,13501.0,-43.47992831541219,-11.6584229390681,-50.76953405017922,-51.830465949820784,-24.275627240143372,12.188888888888886,0.0,1.0,0.021041355605325367
13,2021,1,11.5,31.63010606060605,1.0154920634920634,15383.0,-38.52611367127496,-4.949692780337942,-42.84600614439324,-37.0752688172043,-19.713517665130567,9.149769585253457,0.6,1.0,0.013558432302672795
13,2021,2,11.0,29.45182121212121,3.5233532763532764,15383.0,-33.97096774193548,2.2146953405017924,-39.687455197132614,-32.560573476702515,-14.829032258064515,11.03584229390681,13.48,1.0,0.04640941982477685
13,2021,3,8.9,26.74420555555556,3.991151234567901,15383.0,-8.58279569892473,23.393189964157706,-19.235483870967737,-4.653046594982079,1.2655913978494622,6.747311827956989,29.47,1.0,0.01458915670267816
13,2021,4,9.4,26.58301182844933,6.504927505545473,15383.0,10.810394265232976,46.033691756272404,-7.391397849462366,8.741935483870968,10.702867383512547,3.7487455197132618,45.2,1.0,0.00659912675802691
15,2020,1,15.9,24.942070194700626,6.279298412698412,3132.0,-11.911111111111113,-2.1935483870967745,-10.587096774193547,11.562724014336915,-0.7749103942652328,4.517562724014337,0.0,1.0,1.1156791976035213e-05
15,2020,2,23.7,21.43332517482517,5.203042892156862,3132.0,-73.1426523297491,-40.04982078853046,-60.427240143369175,-64.75017921146953,-51.23118279569892,30.24121863799283,0.0,1.0,0.0006192019546699543
15,2020,3,24.1,18.878614814814814,4.5669427294197025,3132.0,-56.344444444444434,-8.02078853046595,-45.92401433691757,-43.552688172043005,-32.315053763440865,21.380286738351263,0.0,1.0,0.01179272911866922
15,2020,4,19.7,19.421208333333336,6.538912719298246,3132.0,-37.986379928315415,21.608243727598566,-34.9415770609319,-40.72222222222222,-19.71541218637993,13.568817204301073,0.0,1.0,0.03691782464870051
15,2021,1,19.8,22.041902777777786,4.181128571428571,3393.0,-40.932027649769594,18.023425499231948,-36.986175115207374,-33.72811059907834,-18.120967741935484,13.128648233486945,1.49,1.0,0.02891431482876257
15,2021,2,18.6,19.491216666666666,6.380455804544039,3393.0,-31.00573476702509,39.5774193548387,-22.95376344086021,28.801075268817204,-3.859498207885305,14.468458781362006,20.97,1.0,0.0656816268663329
15,2021,3,16.0,17.808468253968254,6.005092803030302,3393.0,-6.6795698924731175,70.51648745519714,-1.3544802867383507,118.64910394265232,21.855913978494627,8.025089605734768,43.36,1.0,0.01988724469451952
15,2021,4,13.4,20.445150560347358,6.522933080808081,3393.0,13.922222222222222,94.84336917562723,14.944086021505376,89.16917562724014,33.12939068100358,3.6129032258064515,66.04,1.0,0.005045190731469585
17,2020,1,14.9,23.758845658263308,12.218574277574275,5771.0,-16.020071684587815,-13.14121863799283,-16.09605734767025,-16.0078853046595,-6.530465949820787,4.610752688172044,0.0,1.0,1.1206741975972744e-05
17,2020,2,25.6,23.69022222222221,6.58534541062802,5771.0,-69.45949820788529,-50.26559139784946,-61.131541218638,-84.14623655913978,-49.54121863799283,26.10035842293907,0.0,1.0,0.00027344450421373497
17,2020,3,22.3,22.552854166666666,7.769798941798941,5771.0,-49.58781362007168,-27.72974910394265,-38.6752688172043,-57.953763440860214,-31.28494623655914,16.9405017921147,0.0,1.0,0.007490586336740183
17,2020,4,17.6,22.61418215811965,8.995834967320262,5771.0,-39.86953405017921,-7.422580645161292,-28.637992831541208,-30.753405017921146,-24.122939068100358,11.87741935483871,0.0,1.0,0.04446386946386947
17,2021,1,18.9,22.798166666666663,11.414802424242424,6398.0,-38.861751152073744,-11.318356374807987,-28.35944700460829,-26.68010752688172,-23.501920122887867,9.637864823348695,0.74,1.0,0.026166808124886132
17,2021,2,16.4,22.82374810606061,8.83915090909091,6398.0,-30.053405017921147,-18.265591397849466,-22.790681003584233,-28.464516129032265,-25.27956989247312,11.96200716845878,18.58,1.0,0.06385616587494501
17,2021,3,12.2,22.844285714285718,8.293574534161491,6398.0,-7.337275985663083,-2.095340501792115,-2.0810035842293906,1.7465949820788529,-10.0168458781362,5.811111111111112,37.23,1.0,0.012431289076907355
17,2021,4,9.3,22.115867724867726,11.447484848484848,6398.0,6.37168458781362,6.886021505376344,6.654480286738352,28.245161290322585,-3.8207885304659506,2.8770609318996416,56.03,1.0,0.003039500171082977
18,2020,1,18.1,24.159668590668588,8.680128571428574,1427.0,-10.250179211469533,-6.747670250896058,-9.387813620071684,0.0,-0.8222222222222223,2.7591397849462367,0.0,1.0,0.0
18,2020,2,31.2,21.766429653679648,13.169053845087028,1427.0,-61.03118279569893,-39.18064516129032,-52.316487455197134,-5.7928315412186375,-40.742652329749106,20.435483870967747,0.0,1.0,0.00019651929646091867
18,2020,3,27.2,22.12906239316239,11.292621710526314,1427.0,-42.903225806451616,-13.278086763070073,-37.374119391916935,-5.384872080088988,-30.79162031887282,17.195031516499814,0.0,1.0,0.03747160585165105
18,2020,4,17.6,23.97718055555556,7.767781270305394,1427.0,-22.005017921146955,19.561290322580646,-16.684946236559142,-2.2724014336917557,-11.702508960573475,8.161648745519713,0.0,1.0,0.026506985104993323
18,2021,1,16.8,22.53538888888889,9.737103709508883,1532.0,-19.31490015360983,27.501920122887867,-20.50806451612904,-1.021505376344086,-10.155529953917053,5.189324116743472,0.62,1.0,0.009608840132922288
18,2021,2,19.4,21.946007407407407,14.818609090909092,1532.0,-13.976702508960575,42.867025089605725,-12.828315412186381,-0.4516129032258064,-1.8046594982078852,6.797132616487455,11.01,1.0,0.012628761317555007
18,2021,3,19.6,23.57361667961668,17.437792592592594,1532.0,5.163082437275985,61.25770609318997,8.31505376344086,0.0,14.86810035842294,2.8376344086021508,27.45,1.0,0.00873374933510258
18,2021,4,16.1,24.218768055555557,7.539624920634919,1532.0,18.60430107526882,81.58888888888889,23.619713261648744,0.0,23.203584229390678,-1.2734767025089606,43.22,1.0,0.0012697395889933025
19,2020,1,17.0,23.779413900913898,12.126235526315787,3192.0,-14.043010752688177,-7.592831541218637,-12.832258064516127,0.0,-1.9935483870967747,4.279569892473118,0.0,4.0,2.7651723470475643e-05
19,2020,2,33.7,23.447459259259247,4.493399126984127,3192.0,-70.08673835125447,-52.981362007168464,-66.88028673835124,0.0,-51.31863799283153,26.889605734767017,0.0,4.0,0.00042092067949501806
19,2020,3,25.2,23.899573412698413,4.753184776688453,3192.0,-47.09032258064517,-22.301075268817204,-45.08387096774194,0.0,-26.85304659498208,17.182437275985663,0.0,4.0,0.019663447801227123
19,2020,4,18.2,23.723188636363634,10.149141865079367,3192.0,-29.420071684587807,7.649103942652329,-31.62150537634409,0.0,-12.675985663082438,11.073118279569893,0.0,4.0,0.02190323740233565
19,2021,1,18.9,21.973150584795324,9.72714500674764,3495.0,-32.46889400921659,0.3214285714285712,-37.57680491551459,0.0,-15.934715821812595,9.869047619047619,0.92,4.0,0.019360697753086343
19,2021,2,19.8,22.80052685185185,6.720268534621577,3495.0,-22.218996415770608,16.908960573476698,-30.499641577060927,0.0,-10.878494623655913,11.40931899641577,18.05,4.0,0.024846177991643785
19,2021,3,15.8,23.643377558479532,3.433616666666666,3495.0,-0.15017921146953425,37.65698924731183,-14.220788530465946,0.0,2.3870967741935485,4.846236559139785,39.46,4.0,0.02060712076284745
19,2021,4,15.0,22.306064407814407,13.300617984230726,3495.0,20.599283154121864,61.5405017921147,-2.2078853046594986,0.0,16.065591397849463,1.845161290322581,59.48,4.0,0.003535087264848128
20,2020,1,19.0,31.57499014109347,1.2675749158249157,5865.0,-13.141935483870967,-7.5605734767025075,-12.405017921146953,-16.073835125448028,-0.524731182795699,3.0695340501792114,0.0,1.0,2.063960251878204e-05
20,2020,2,23.7,24.425023809523807,5.530094214029698,5865.0,-69.48494623655914,-49.12831541218638,-62.46917562724014,-81.60788530465948,-46.97992831541219,22.860215053763447,0.0,1.0,0.0011933442910859436
20,2020,3,23.9,22.36936257309941,4.8719,5865.0,-53.40465949820789,-31.48924731182796,-47.25161290322581,-49.396774193548396,-28.408243727598567,16.524372759856632,0.0,1.0,0.02655003414916053
20,2020,4,19.2,24.34462431372549,6.270294418842808,5865.0,-33.42508960573477,4.562724014336918,-36.517204301075274,-47.47706093189964,-12.912186379928315,9.92867383512545,0.0,1.0,0.015410277771523354
20,2021,1,20.4,30.231502952227586,1.617028787878788,6101.0,-25.70353302611367,2.3840245775729647,-30.059907834101377,-41.371351766513044,-12.711597542242705,6.198924731182796,0.61,1.0,0.012274550018929159
20,2021,2,19.1,24.526392156862745,5.766040123456791,6101.0,-31.318637992831544,0.17275985663082358,-34.23046594982079,-38.02078853046596,-17.372043010752687,10.25125448028674,12.01,1.0,0.050153087290998176
20,2021,3,18.0,23.87680980392157,3.8188466947401873,6101.0,0.7616487455197133,32.544444444444444,-7.4824372759856645,-12.131541218637993,1.3698924731182796,3.5964157706093194,26.07,1.0,0.007564313202262677
20,2021,4,15.8,24.85753333333333,5.327744254691122,6101.0,22.093906810035843,53.994623655913976,10.870250896057348,17.24372759856631,10.2168458781362,0.6050179211469534,42.86,1.0,0.00591398442295464
23,2020,1,12.4,34.389250915750914,3.4695000000000005,3845.0,-12.036559139784947,-6.962724014336917,-6.058781362007169,0.035842293906810006,-2.5591397849462356,2.8824372759856627,0.0,1.0,1.978889209908694e-06
23,2020,2,24.8,31.770422222222226,5.594972670807454,3845.0,-70.38028673835127,-45.99032258064516,-45.330107526881726,-45.615053763440855,-47.209318996415774,23.347311827956986,0.0,1.0,0.000795513462383295
23,2020,3,22.1,27.77464021164021,6.305861941251599,3845.0,-61.035842293906796,-36.802150537634404,-40.59247311827957,-45.46236559139785,-39.63046594982078,20.523297491039425,0.0,1.0,0.027797456731587424
23,2020,4,17.4,28.21686111111111,4.607259829059829,3845.0,-28.405376344086022,15.543369175627241,-14.783154121863802,-27.438709677419357,-14.529032258064516,9.55125448028674,0.0,1.0,0.006779674433147186
23,2021,1,17.1,33.08968376068376,5.154836591478697,4219.0,-30.572580645161292,16.431643625192013,-16.054915514592935,-28.183179723502306,-15.18125960061444,7.134408602150539,0.76,1.0,0.016741960679647852
23,2021,2,15.6,27.146577777777768,8.004939255189255,4219.0,-24.28817204301076,20.974193548387092,-14.956630824372759,-22.78243727598566,-12.443010752688172,9.389247311827956,12.24,1.0,0.040024884311501335
23,2021,3,17.1,26.948894444444445,7.116618584141109,4219.0,3.795340501792115,43.44695340501792,4.734408602150538,-5.697491039426524,1.6630824372759854,5.082078853046595,28.46,1.0,0.013533297485271548
23,2021,4,15.5,27.123242857142852,4.335049206349207,4219.0,30.873118279569894,71.21182795698923,18.483512544802867,-6.406810035842294,13.193906810035847,1.4559139784946236,43.55,1.0,0.001464013910094631
27,2020,1,22.5,19.108803442028986,7.459441102756891,784.0,-12.936200716845882,-5.076702508960573,-22.068100358422942,-13.657347670250894,1.5885304659498207,1.8673835125448033,0.0,1.0,0.0
27,2020,2,18.0,20.52998611111111,20.158935236682733,784.0,-63.23655913978496,-44.98172043010753,-50.349820788530465,-70.56057347670252,-47.62903225806453,13.7921146953405,0.0,1.0,0.009730556086374928
27,2020,3,21.2,20.52339797979798,20.473434408602152,784.0,-41.34768447402856,-34.65281333560903,-23.668216988109464,-52.49677134892189,-34.19171360300393,13.216931216931215,0.0,1.0,0.01052551117905599
27,2020,4,20.0,18.812695833333336,19.846019123031073,784.0,-26.17347670250896,-14.95448028673835,11.257347670250898,-30.785663082437267,-16.059139784946233,8.351971326164874,0.0,1.0,0.004739155360214025
27,2021,1,21.9,19.58172061965812,16.377159047619045,842.0,-27.355606758832565,-15.6221198156682,18.042242703533024,-42.970046082949324,-17.121351766513058,6.549539170506913,0.6,1.0,0.009773592344903931
27,2021,2,21.9,19.56481613756614,17.580873946360153,842.0,-16.895340501792116,-1.4043010752688172,7.915412186379927,-34.50681003584229,-11.803584229390681,8.470250896057347,12.69,1.0,0.04017105682180065
27,2021,3,18.6,20.526362074744426,14.488672043010752,842.0,7.0663082437275975,20.89283154121864,16.99068100358423,-16.946953405017922,6.924014336917563,3.4924731182795696,32.37,1.0,0.005838375566777368
27,2021,4,19.9,18.33450641025641,19.801086281534566,842.0,27.389247311827955,46.09820788530465,28.36989247311828,-8.470609318996415,15.331899641577063,0.93584229390681,47.01,1.0,0.0007809775108806091
41,2020,1,17.9,24.6883489729225,9.931214705882347,4267.0,-13.18494623655914,-9.449462365591398,-14.960573476702509,0.0,-5.1749103942652335,4.2415770609319,0.0,1.0,5.762771399091128e-05
41,2020,2,40.6,24.689517482517484,5.72609440267335,4267.0,-68.66093189964157,-52.43082437275985,-61.120430107526886,0.0,-49.668458781362006,25.740501792114696,0.0,1.0,0.00045827753507058017
41,2020,3,26.4,25.397994912494912,5.397360648148148,4267.0,-48.71146953405018,-27.555913978494626,-34.57741935483871,0.0,-26.499641577060927,15.90035842293907,0.0,1.0,0.02088318587956357
41,2020,4,19.7,24.89524725992962,8.867186631016041,4267.0,-30.09605734767025,-4.493548387096775,-14.978136200716847,0.0,-14.801433691756273,9.76594982078853,0.0,1.0,0.044537990384404286
41,2021,1,20.6,23.54801309523809,9.718639097744363,4616.0,-33.38863287250384,-4.7211981566820285,-35.16781874039938,0.0,-15.751536098310295,8.35752688172043,0.92,1.0,0.0261295590636908
41,2021,2,19.5,23.451864705882354,7.2412846356542016,4616.0,-18.438351254480285,13.662007168458778,-31.999283154121862,0.0,-10.172043010752688,7.786021505376342,15.53,1.0,0.038238976592270005
41,2021,3,17.0,25.37627692307693,4.89570652173913,4616.0,1.0587813620071689,29.226881720430107,-20.43799283154122,0.0,0.055913978494623734,4.102508960573476,32.85,1.0,0.01876428960261296
41,2021,4,14.0,22.70032327802917,10.556037037037038,4616.0,19.769892473118283,51.88673835125449,-6.301433691756272,0.0,7.337634408602152,0.9967741935483873,53.7,1.0,0.0019678824169842134
44,2020,1,17.6,30.128271825396823,1.5981111111111108,1397.0,-13.910394265232975,-8.156272401433691,-12.222222222222221,-17.44516129032258,-2.0745519713261653,2.6587813620071685,0.0,2.0,4.954443888445741e-06
44,2020,2,31.5,29.332812037037037,3.648217845117845,1397.0,-70.3763440860215,-54.32473118279571,-60.256272401433705,-70.06236559139785,-43.58315412186379,17.178853046594984,0.0,2.0,0.00041617328662944234
44,2020,3,21.4,27.02881481481482,4.9692263868065965,1397.0,-42.055913978494615,-38.01146953405018,-43.925089605734776,-38.49211469534049,-28.736917562724013,15.517921146953404,0.0,2.0,0.015393457161400918
44,2020,4,19.3,25.76892146825397,7.094997013142173,1397.0,-33.202150537634395,-36.38458781362007,-40.65125448028674,-24.79498207885305,-12.854121863799286,11.193906810035843,0.0,2.0,0.012846873002739808
44,2021,1,23.2,28.06572409090909,1.836382575757576,1851.0,-31.972734254992318,-31.252688172043012,-35.183179723502306,-15.435099846390168,-12.097926267281105,7.755376344086021,0.49,2.0,0.011509676169254244
44,2021,2,18.6,27.593694664404225,4.0585122222222205,1851.0,-37.9168458781362,-9.102508960573477,-34.672401433691746,-10.449462365591398,-11.598924731182795,10.772759856630826,7.4,2.0,0.04275922203114782
44,2021,3,19.1,27.74941269841269,3.5077728758169933,1851.0,-2.7594982078853043,30.629390681003585,-11.425806451612903,36.131899641577064,12.393906810035842,4.376344086021505,26.11,2.0,0.0029694576985491803
44,2021,4,15.6,26.675428815004267,5.0660843304843315,1851.0,19.33942652329749,51.87706093189964,-2.699283154121863,68.74086021505376,21.120071684587813,2.087813620071685,36.89,2.0,0.007358248359047642
47,2020,1,13.4,25.002125067096085,2.118305555555556,4088.0,-16.29605734767025,-12.223655913978494,-24.808602150537638,-22.015770609318995,-3.819354838709677,3.2974910394265238,0.0,1.0,1.85662406333316e-05
47,2020,2,21.8,23.06898575036076,3.1843001508295625,4088.0,-75.31827956989248,-59.894623655913975,-80.10071684587814,-86.24229390681006,-55.290681003584226,23.507526881720427,0.0,1.0,0.0019513118905631515
47,2020,3,20.7,20.676671428571428,7.5398476702508965,4088.0,-61.14731182795699,-45.61577060931899,-71.04480286738352,-77.7,-39.956272401433694,18.221863799283152,0.0,1.0,0.017207191818971727
47,2020,4,16.4,20.639400909090906,10.336444444444442,4088.0,-38.812544802867386,-14.055913978494624,-53.39856630824372,-34.88781362007169,-20.54408602150537,10.638351254480288,0.0,1.0,0.013796573414628713
47,2021,1,15.6,23.43381932098765,2.484956349206349,4572.0,-38.24884792626728,-10.689324116743473,-48.10253456221199,1.0261136712749617,-18.6036866359447,8.903993855606757,0.58,1.0,0.02759520932247856
47,2021,2,16.1,22.109008994709,4.633216823406479,4572.0,-32.822222222222216,-3.461290322580646,-51.67204301075268,-0.5820788530465949,-17.246236559139785,11.959139784946235,11.49,1.0,0.04707127695944451
47,2021,3,14.2,21.63604138018844,4.975951361300916,4572.0,-4.256989247311828,32.541935483870965,-26.1673835125448,57.17777777777778,2.1014336917562724,6.543369175627241,25.63,1.0,0.015026171023019166
47,2021,4,13.4,21.529403623188404,5.520473694316436,4572.0,12.258064516129034,58.63763440860215,-9.57741935483871,93.631541218638,13.547311827956989,3.048387096774193,41.42,1.0,0.010175893407242323
50,2020,1,15.6,28.885348214285717,5.566989976689976,14411.0,-13.377777777777776,-6.79068100358423,-8.125448028673835,-10.334767025089606,-2.678853046594982,4.3369175627240155,0.0,2.0,2.0172308188856816e-05
50,2020,2,28.6,25.895680555555558,18.96346352413019,14411.0,-66.22437275985665,-44.136200716845885,-53.07060931899641,-47.01290322580647,-44.08673835125449,26.217921146953405,0.0,2.0,0.0021070892826360443
50,2020,3,23.1,25.7984858974359,16.455239011082696,14411.0,-47.08243727598566,-22.43010752688172,-33.34336917562724,-23.596774193548388,-23.444802867383512,17.729749103942652,0.0,2.0,0.02184660976853193
50,2020,4,18.6,25.90922393162393,10.364421652421653,14411.0,-23.67670250896057,3.733333333333333,-16.342293906810035,-4.62652329749104,-6.746236559139785,9.411827956989248,0.0,2.0,0.02412057905527579
50,2021,1,19.1,28.580453781512603,6.29963404882155,14762.0,-26.08563748079877,2.3874807987711213,-21.060291858678955,-1.3191244239631337,-5.937019969278033,7.7784178187404,0.56,2.0,0.012759991416964588
50,2021,2,16.6,22.87139502164502,21.517410714285717,14762.0,-15.359856630824373,12.275268817204301,-14.691397849462366,15.491397849462366,1.7139784946236558,9.314336917562724,12.2,2.0,0.03904008204799953
50,2021,3,14.7,24.068472222222233,20.065377290448343,14762.0,8.484229390681003,29.118996415770606,2.9591397849462364,39.98745519713262,19.201075268817206,5.048387096774194,28.48,2.0,0.014032899211160856
50,2021,4,14.8,27.394223611111126,7.209598776223776,14762.0,30.192473118279572,49.94874551971328,22.126881720430106,47.75268817204301,25.91397849462366,1.1594982078853049,44.34,2.0,0.00246944112074076
52,2020,1,14.2,17.402283200459667,6.191370016339871,3015.0,-12.330465949820788,-6.307526881720432,-10.807885304659498,0.0,-1.5254480286738357,3.1354838709677417,0.0,1.0,5.09438624108164e-06
52,2020,2,21.0,14.194747511312215,9.676762383900927,3015.0,-68.66881720430108,-44.669892473118274,-64.33870967741936,0.0,-47.816845878136206,25.41218637992832,0.0,1.0,0.0017168081632445127
52,2020,3,17.7,15.836097474747474,8.068383116883119,3015.0,-52.20179211469534,-28.335483870967746,-46.35376344086021,0.0,-32.219713261648735,18.229390681003586,0.0,1.0,0.02435371342549078
52,2020,4,14.5,16.37339947089947,7.526409832451497,3015.0,-28.569175627240142,9.894982078853047,-22.251971326164874,0.0,-14.345878136200714,9.3663082437276,0.0,1.0,0.02464664063435297
52,2021,1,15.1,14.654325,10.19144537815126,3304.0,-33.33410138248848,1.0268817204301068,-32.247695852534555,0.0,-17.843701996927802,9.040322580645162,1.31,1.0,0.020605399842574642
52,2021,2,14.4,14.77767450980392,7.833976717155207,3304.0,-19.57956989247312,20.945161290322577,-17.036559139784945,0.0,-11.678494623655913,9.769175627240145,20.15,1.0,0.04022243336806201
52,2021,3,13.5,16.189182341269838,7.9170113960113975,3304.0,1.1763440860215055,38.92688172043011,0.9444444444444444,0.0,2.077419354838709,4.522939068100358,38.92,1.0,0.013663909600144691
52,2021,4,11.1,16.32229535603715,8.61815933166249,3304.0,22.405376344086022,53.96594982078852,18.496415770609318,0.0,14.290681003584229,1.4433691756272402,60.12,1.0,0.003097560416438468
54,2020,1,19.8,29.00377222222223,7.772304713804712,6141.0,-14.139068100358422,-8.036559139784949,-14.238709677419354,-15.717562724014337,-3.948387096774194,3.953405017921147,0.0,1.0,1.9302386032278737e-05
54,2020,2,33.4,29.662295206971677,3.260026666666666,6141.0,-66.65949820788529,-40.80501792114696,-59.47706093189964,-80.784229390681,-43.32007168458781,22.161290322580644,0.0,1.0,0.0002496441926841383
54,2020,3,24.6,28.41840998217469,4.1129329501915715,6141.0,-49.269892473118276,-25.27741935483871,-41.08028673835126,-51.743727598566295,-25.325448028673836,16.74516129032258,0.0,1.0,0.01342931337552406
54,2020,4,17.9,26.45443835470085,9.446422222222225,6141.0,-33.46451612903225,-4.401075268817205,-21.976344086021513,-37.50681003584229,-11.968100358422939,11.354838709677418,0.0,1.0,0.02234186841949489
54,2021,1,22.5,27.472339682539683,6.872128968253969,6790.0,-35.21850998463903,-6.312596006144393,-29.066820276497694,-31.15552995391705,-13.213517665130567,9.492319508448539,0.68,1.0,0.008455484324608353
54,2021,2,20.5,27.248579365079365,5.711945107574419,6790.0,-16.95448028673835,16.876344086021508,-9.113261648745521,-9.807885304659498,-1.5598566308243729,8.294982078853046,14.3,1.0,0.015998405870862847
54,2021,3,17.9,27.848263772175546,4.321385730211817,6790.0,4.367741935483871,35.77849462365592,10.647311827956988,29.721505376344084,9.493906810035842,5.8344086021505355,30.79,1.0,0.009335047614454285
54,2021,4,16.5,26.59233866133866,7.402196296296296,6790.0,25.39605734767025,53.094982078853036,27.161290322580644,56.31290322580646,17.654838709677414,3.2437275985663088,48.92,1.0,0.009871923908256345
63,2020,1,19.0,26.535897115384607,14.272157407407406,3594.0,-16.14551971326165,-9.952688172043011,-14.317562724014337,0.0,-3.7476702508960575,4.060215053763439,0.0,1.0,4.265595674029741e-05
63,2020,2,33.5,24.850904761904758,9.074544041867957,3594.0,-68.24910394265233,-48.39749103942653,-67.91075268817204,0.0,-48.736200716845886,24.502508960573483,0.0,1.0,0.00032484151671457263
63,2020,3,22.7,25.573509259259247,8.200148729946523,3594.0,-41.12903225806452,-22.929032258064517,-44.16021505376344,0.0,-22.515770609318995,14.192473118279569,0.0,1.0,0.00945977871402134
63,2020,4,17.6,24.78470833333333,11.268761437908495,3594.0,-29.693906810035845,-8.124014336917563,-33.250537634408595,0.0,-16.601075268817205,9.934767025089604,0.0,1.0,0.04873935241695213
63,2021,1,18.6,24.866711111111112,14.52387566137566,4027.0,-35.133256528417824,-2.0568356374807992,-32.756912442396306,0.0,-15.033026113671276,7.189324116743472,0.77,1.0,0.025730800776754426
63,2021,2,20.1,25.038733333333337,9.576221690590113,4027.0,-27.48530465949821,11.752688172043008,-23.939784946236557,0.0,-9.683870967741935,8.101433691756272,20.21,1.0,0.036257184816331285
63,2021,3,16.6,25.49267803030303,7.187695394736843,4027.0,-9.878853046594985,26.59928315412186,-8.731899641577058,0.0,3.349103942652329,3.2491039426523294,40.41,1.0,0.01486726122744057
63,2021,4,13.7,24.287222222222233,14.743091991341991,4027.0,6.650896057347669,43.28172043010753,10.394265232974911,0.0,10.515770609318997,1.0053763440860215,57.45,1.0,0.00912589192220785
66,2020,1,12.3,24.318520707070714,8.140250841750841,6545.0,-14.177060931899641,-7.906810035842294,-15.732616487455196,-12.068817204301073,-5.3247311827956985,4.134767025089607,0.0,1.0,5.240793498061954e-05
66,2020,2,24.9,22.033272222222227,7.545123349753692,6545.0,-66.73369175627239,-38.000358422939065,-66.1136200716846,-78.51720430107527,-49.42688172043011,24.982078853046602,0.0,1.0,0.0005345609368023193
66,2020,3,18.4,23.80360555555556,5.975668115942029,6545.0,-38.778853046594975,-6.580645161290323,-42.11863799283154,-71.0,-25.831899641577067,14.769534050179212,0.0,1.0,0.01643512840992229
66,2020,4,13.5,22.87254603174603,8.28706535010883,6545.0,-26.73870967741935,10.644086021505377,-34.92329749103943,-50.11648745519713,-18.02544802867384,9.982437275985664,0.0,1.0,0.032616602414538384
66,2021,1,15.5,22.59359722222222,7.874673992673991,7271.0,-27.294930875576032,8.682411674347158,-42.00499231950845,-46.09178187403994,-18.425115207373267,8.22542242703533,0.76,1.0,0.019323922687670414
66,2021,2,16.4,22.56175,8.112484615384616,7271.0,-15.89175627240143,7.7451612903225815,-36.611111111111114,-39.82043010752688,-16.611469534050187,10.10716845878136,19.97,1.0,0.03712331245853291
66,2021,3,14.9,23.62199552803578,5.610901052631578,7271.0,9.383870967741935,23.902150537634412,-17.000716845878134,-23.314336917562727,-2.0598566308243726,4.529390681003584,40.42,1.0,0.01378527172251421
66,2021,4,13.0,21.74462916666667,10.682229296066252,7271.0,26.323297491039423,44.68064516129032,-9.08853046594982,-3.72831541218638,4.775627240143369,1.7250896057347669,63.96,1.0,0.004086912935235429
68,2020,1,11.8,29.02303927875243,15.194608333333333,13763.0,-13.600716845878136,-7.437275985663082,-10.70537634408602,-14.956989247311823,-4.069534050179212,4.187813620071685,0.0,1.0,1.3170285202526061e-05
68,2020,2,21.7,28.52665584415585,4.2536529581529585,13763.0,-73.0462365591398,-50.98996415770609,-61.77060931899642,-73.43189964157706,-56.21290322580646,26.604659498207887,0.0,1.0,0.00025023541884799515
68,2020,3,21.2,28.984,4.478902923976609,13763.0,-53.387813620071675,-27.32437275985664,-44.17956989247313,-50.57992831541219,-36.258422939068105,18.35627240143369,0.0,1.0,0.0230265973909665
68,2020,4,14.6,28.06514772727273,7.662409812409813,13763.0,-33.091756272401426,1.3379928315412186,-30.94910394265233,-5.19426523297491,-22.582078853046603,10.679928315412186,0.0,1.0,0.02627471897903949
68,2021,1,15.0,28.53555833333333,9.335034313725492,15065.0,-36.92127496159754,-6.2695852534562215,-34.31797235023041,-11.77572964669739,-24.184715821812603,9.841013824884792,0.88,1.0,0.01721884060566299
68,2021,2,13.8,28.16242857142857,4.256657413600892,15065.0,-28.394265232974917,-0.3057347670250894,-24.565232974910394,-4.4329749103942655,-19.90537634408602,11.04874551971326,19.99,1.0,0.08863869086670498
68,2021,3,10.8,28.15187925407925,7.642027629233513,15065.0,-6.7232974910394265,15.61756272401434,-10.443727598566307,23.885663082437283,-7.61146953405018,6.614695340501792,39.0,1.0,0.020167060359549318
68,2021,4,10.0,27.403387464387464,10.871759259259255,15065.0,10.81505376344086,28.61720430107527,2.7946236559139788,50.12652329749103,0.3093189964157706,3.13763440860215,60.93,1.0,0.0067185549002147255
70,2020,1,14.6,36.87029555422647,3.2411333333333334,2145.0,-13.681003584229392,-6.121146953405018,-10.250179211469533,-20.50250896057348,0.8623655913978491,2.772759856630824,0.0,1.0,3.401927532139711e-06
70,2020,2,29.3,33.34297619047619,5.5867566833751034,2145.0,-71.42724014336916,-45.20537634408603,-59.0741935483871,-51.000716845878145,-45.93118279569893,22.67311827956989,0.0,1.0,0.003442750662525387
70,2020,3,22.0,30.02049523809524,4.739333333333333,2145.0,-56.901433691756274,-24.367025089605733,-39.48351254480286,-51.453046594982084,-31.679569892473122,18.594982078853047,0.0,1.0,0.028235998516759595
70,2020,4,14.7,29.184565217391306,5.1486172161172155,2145.0,-28.139784946236556,7.991397849462366,-18.84695340501792,-44.056630824372775,-10.83010752688172,9.604301075268816,0.0,1.0,0.0065419066443046636
70,2021,1,15.4,35.47307602339182,3.914194444444445,2374.0,-28.07411674347158,7.4535330261136705,-25.7031490015361,-32.7016129032258,-13.693548387096774,7.0019201228878645,0.67,1.0,0.010517945930712402
70,2021,2,16.1,30.708801587301593,6.762825808249719,2374.0,-21.151971326164876,-10.009677419354839,-19.29068100358423,-40.8663082437276,-15.706451612903225,9.568817204301077,13.11,1.0,0.058591836597754826
70,2021,3,14.0,27.98692698412698,5.083056918390252,2374.0,3.676702508960574,18.5752688172043,3.2641577060931897,-74.42258064516129,-2.6419354838709683,4.833333333333333,26.66,1.0,0.017358804544021042
70,2021,4,14.7,28.87277922077922,5.209153846153846,2374.0,29.30645161290323,50.13010752688172,21.643369175627235,-80.13297491039425,5.417562724014336,1.4301075268817207,39.32,1.0,0.001415812817467507
73,2020,1,19.4,21.879136574074078,7.433044444444442,6961.0,-13.979928315412185,-8.130465949820787,-14.85304659498208,-17.247311827956988,-4.172759856630825,4.091756272401434,0.0,1.0,1.6632754328674315e-05
73,2020,2,37.6,22.786248717948713,6.324022438342233,6961.0,-66.52114695340502,-45.643727598566315,-52.35770609318996,-86.39390681003584,-49.77455197132616,24.92508960573477,0.0,1.0,0.0004841979593458522
73,2020,3,27.5,22.522464602683183,7.6343531746031745,6961.0,-41.893189964157706,-25.259498207885304,-25.19426523297491,-64.51218637992831,-28.330824372759857,15.971326164874554,0.0,1.0,0.016368478343229822
73,2020,4,19.0,20.783885042735047,9.455775213434658,6961.0,-27.016845878136202,-6.016129032258063,-17.209677419354836,-28.691756272401435,-19.57025089605735,10.59426523297491,0.0,1.0,0.04813888719481206
73,2021,1,21.7,20.30087272727273,8.854360128205126,7604.0,-30.12596006144393,-11.825268817204304,-22.69623655913979,-33.694316436251924,-21.28302611367128,9.381336405529954,0.82,1.0,0.02440651233407773
73,2021,2,19.8,20.46897435897436,8.260826666666668,7604.0,-14.865591397849464,1.4225806451612901,-3.9408602150537635,-36.16200716845878,-13.489964157706092,8.259498207885304,17.7,1.0,0.0317417324459578
73,2021,3,17.2,21.80756646825397,6.544983896940418,7604.0,3.314336917562724,10.638709677419355,14.99820788530466,-8.12437275985663,-2.454480286738351,4.620071684587813,36.6,1.0,0.017113671037212286
73,2021,4,17.1,19.49695833333333,11.082448963317383,7604.0,25.170250896057343,28.12258064516129,28.250179211469533,10.807885304659498,4.886738351254482,1.6849462365591399,55.47,1.0,0.002074719378542316
76,2020,1,14.0,25.110679894179892,9.76666868686869,40674.0,-11.604301075268815,-5.374910394265234,-11.758422939068101,-7.290322580645161,-4.117562724014337,3.7978494623655914,0.0,1.0,3.507033600045458e-05
76,2020,2,27.7,25.059454545454546,8.048949097755044,40674.0,-63.87455197132616,-40.29641577060932,-59.563440860215046,-53.49749103942653,-48.13799283154121,24.202508960573482,0.0,1.0,0.0032522187536624084
76,2020,3,22.2,25.384170995671,5.628404761904762,40674.0,-38.093548387096774,-15.691756272401435,-34.91827956989247,-35.872401433691756,-25.654121863799283,14.40179211469534,0.0,1.0,0.019057398153968542
76,2020,4,18.6,24.856122222222233,9.88998903508772,40674.0,-24.737634408602148,0.686021505376344,-27.772401433691755,-16.544086021505375,-15.156989247311827,8.895698924731184,0.0,1.0,0.023201468869971625
76,2021,1,18.7,25.34220138888889,9.139675198412695,44667.0,-30.98847926267281,-3.4412442396313363,-38.098694316436244,-25.997311827956988,-19.063748079877108,9.135560675883257,0.93,1.0,0.021681882487588018
76,2021,2,21.4,23.945299145299145,12.020792540792543,44667.0,-27.638709677419357,-2.027598566308244,-33.408243727598574,-39.83405017921147,-24.709318996415767,13.922222222222222,15.72,1.0,0.03614618491770387
76,2021,3,15.1,24.91719660894661,8.128427777777778,44667.0,1.1032258064516127,17.416129032258066,-10.724731182795699,-21.983870967741932,-3.947670250896057,5.421146953405019,33.06,1.0,0.020842053950373286
76,2021,4,14.1,24.78613888888889,9.263403333333336,44667.0,18.337634408602156,32.7078853046595,2.6645161290322585,-7.903942652329749,4.84910394265233,2.7655913978494624,48.04,1.0,0.010859927903678469
88,2020,1,11.3,27.794083771929824,0.0,1027.0,-14.280286738351258,-10.5168458781362,-14.712544802867384,-12.416487455197132,-4.327598566308244,0.5175627240143369,0.0,1.0,1.7411592638378628e-05
88,2020,2,11.3,28.38817222222222,0.0,1027.0,-77.63512544802869,-64.70071684587813,-78.81756272401434,-80.2652329749104,-52.51827956989247,5.927598566308244,0.0,1.0,0.000330820260129194
88,2020,3,25.3,25.45175530303031,0.0,1027.0,-54.077060931899645,-40.90860215053763,-75.38996415770609,-68.62652329749103,-33.883154121863804,13.05412186379928,0.0,1.0,0.026691971514634445
88,2020,4,25.3,25.6583875,0.0,1027.0,-57.937992831541216,-29.239426523297485,-60.999641577060935,-41.62508960573477,-32.145878136200714,13.854480286738351,0.0,1.0,0.014033743666533177
88,2021,1,16.0,26.667411166805906,0.0,1300.0,-36.82066052227342,-11.887864823348696,-48.219662058371746,-15.671658986175116,-21.868279569892483,9.530721966205835,0.51,1.0,0.005350161190753824
88,2021,2,16.0,28.11120442520442,0.0,1300.0,-23.432616487455203,-3.455913978494624,-47.11541218637993,-0.963082437275986,-16.7673835125448,11.880645161290325,13.53,1.0,0.061389670073393236
88,2021,3,11.9,23.8493696969697,0.0,1300.0,1.8125448028673836,11.936917562724016,-38.23405017921147,31.749820788530467,-7.212903225806452,6.4759856630824375,56.77,1.0,0.006413334247890802
88,2021,4,11.9,25.257434188034182,0.0,1300.0,23.90716845878136,15.927956989247313,-27.270609318996414,57.5258064516129,-1.053763440860215,5.935842293906809,67.23,1.0,0.025156046368063654
